DELETE FROM gossip_scripts WHERE id in (17885,17893,17890,17894);
INSERT INTO `gossip_scripts` (`id`, `delay`, `command`, `datalong`, `datalong2`, `dataint`, `x`, `y`, `z`, `o`) VALUES (17885, 0, 8, 17885, 0, 0, 0, 0, 0, 0);
INSERT INTO `gossip_scripts` (`id`, `delay`, `command`, `datalong`, `datalong2`, `dataint`, `x`, `y`, `z`, `o`) VALUES (17893, 0, 8, 17893, 0, 0, 0, 0, 0, 0);
INSERT INTO `gossip_scripts` (`id`, `delay`, `command`, `datalong`, `datalong2`, `dataint`, `x`, `y`, `z`, `o`) VALUES (17890, 0, 8, 17890, 0, 0, 0, 0, 0, 0);
INSERT INTO `gossip_scripts` (`id`, `delay`, `command`, `datalong`, `datalong2`, `dataint`, `x`, `y`, `z`, `o`) VALUES (17894, 0, 8, 17894, 0, 0, 0, 0, 0, 0);

DELETE FROM gossip_menu_option WHERE menu_id in (17885,17893,17890,17894);
INSERT INTO `gossip_menu_option` (`menu_id`, `id`, `option_icon`, `option_text`, `option_id`, `npc_option_npcflag`, `action_menu_id`, `action_poi_id`, `action_script_id`, `box_coded`, `box_money`, `box_text`) VALUES (17885, 0, 0, 'Erzählt ihnen von meiner Situation...', 1, 1, 0, 0, 17885, 0, 0, NULL);
INSERT INTO `gossip_menu_option` (`menu_id`, `id`, `option_icon`, `option_text`, `option_id`, `npc_option_npcflag`, `action_menu_id`, `action_poi_id`, `action_script_id`, `box_coded`, `box_money`, `box_text`) VALUES (17890, 0, 0, 'Erzählt ihnen von meiner Situation...', 1, 1, 0, 0, 17890, 0, 0, NULL);
INSERT INTO `gossip_menu_option` (`menu_id`, `id`, `option_icon`, `option_text`, `option_id`, `npc_option_npcflag`, `action_menu_id`, `action_poi_id`, `action_script_id`, `box_coded`, `box_money`, `box_text`) VALUES (17893, 0, 0, 'Erzählt ihnen von meiner Situation...', 1, 1, 0, 0, 17893, 0, 0, NULL);
INSERT INTO `gossip_menu_option` (`menu_id`, `id`, `option_icon`, `option_text`, `option_id`, `npc_option_npcflag`, `action_menu_id`, `action_poi_id`, `action_script_id`, `box_coded`, `box_money`, `box_text`) VALUES (17894, 0, 0, 'Erzählt ihnen von meiner Situation...', 1, 1, 0, 0, 17894, 0, 0, NULL);

DELETE FROM creature_template WHERE entry=17885 or entry=17893 or entry=17890 or entry=17894;
INSERT INTO `creature_template` (`entry`, `difficulty_entry_1`, `difficulty_entry_2`, `difficulty_entry_3`, `KillCredit1`, `KillCredit2`, `modelid1`, `modelid2`, `modelid3`, `modelid4`, `name`, `subname`, `IconName`, `gossip_menu_id`, `minlevel`, `maxlevel`, `exp`, `faction_A`, `faction_H`, `npcflag`, `speed_walk`, `speed_run`, `scale`, `rank`, `mindmg`, `maxdmg`, `dmgschool`, `attackpower`, `dmg_multiplier`, `baseattacktime`, `rangeattacktime`, `unit_class`, `unit_flags`, `dynamicflags`, `family`, `trainer_type`, `trainer_spell`, `trainer_class`, `trainer_race`, `minrangedmg`, `maxrangedmg`, `rangedattackpower`, `type`, `type_flags`, `lootid`, `pickpocketloot`, `skinloot`, `resistance1`, `resistance2`, `resistance3`, `resistance4`, `resistance5`, `resistance6`, `spell1`, `spell2`, `spell3`, `spell4`, `spell5`, `spell6`, `spell7`, `spell8`, `PetSpellDataId`, `VehicleId`, `mingold`, `maxgold`, `AIName`, `MovementType`, `InhabitType`, `Health_mod`, `Mana_mod`, `Armor_mod`, `RacialLeader`, `questItem1`, `questItem2`, `questItem3`, `questItem4`, `questItem5`, `questItem6`, `movementId`, `RegenHealth`, `equipment_id`, `mechanic_immune_mask`, `flags_extra`, `ScriptName`, `WDBVerified`) VALUES (17885, 0, 0, 0, 0, 0, 17295, 0, 0, 0, 'Erdbinder Rayge', NULL, NULL, 17885, 64, 64, 1, 1660, 1660, 1, 1.125, 1.14286, 1, 0, 168, 234, 0, 252, 4.6, 2000, 1584, 2, 0, 8, 0, 0, 0, 0, 0, 136, 202, 27, 7, 0, 0, 0, 0, 0, 0, 0, 0, 0, 0, 0, 0, 0, 0, 0, 0, 0, 0, 0, 0, 0, 0, 'EventAI', 1, 3, 1, 1, 1, 0, 0, 0, 0, 0, 0, 0, 0, 1, 33, 0, 2, '', 12340);
INSERT INTO `creature_template` (`entry`, `difficulty_entry_1`, `difficulty_entry_2`, `difficulty_entry_3`, `KillCredit1`, `KillCredit2`, `modelid1`, `modelid2`, `modelid3`, `modelid4`, `name`, `subname`, `IconName`, `gossip_menu_id`, `minlevel`, `maxlevel`, `exp`, `faction_A`, `faction_H`, `npcflag`, `speed_walk`, `speed_run`, `scale`, `rank`, `mindmg`, `maxdmg`, `dmgschool`, `attackpower`, `dmg_multiplier`, `baseattacktime`, `rangeattacktime`, `unit_class`, `unit_flags`, `dynamicflags`, `family`, `trainer_type`, `trainer_spell`, `trainer_class`, `trainer_race`, `minrangedmg`, `maxrangedmg`, `rangedattackpower`, `type`, `type_flags`, `lootid`, `pickpocketloot`, `skinloot`, `resistance1`, `resistance2`, `resistance3`, `resistance4`, `resistance5`, `resistance6`, `spell1`, `spell2`, `spell3`, `spell4`, `spell5`, `spell6`, `spell7`, `spell8`, `PetSpellDataId`, `VehicleId`, `mingold`, `maxgold`, `AIName`, `MovementType`, `InhabitType`, `Health_mod`, `Mana_mod`, `Armor_mod`, `RacialLeader`, `questItem1`, `questItem2`, `questItem3`, `questItem4`, `questItem5`, `questItem6`, `movementId`, `RegenHealth`, `equipment_id`, `mechanic_immune_mask`, `flags_extra`, `ScriptName`, `WDBVerified`) VALUES (17890, 0, 0, 0, 0, 0, 17300, 0, 0, 0, 'Jäter Gründaum', '', NULL, 17890, 63, 63, 1, 1660, 1660, 1, 1.125, 1.14286, 1, 0, 164, 228, 0, 249, 4.6, 2000, 0, 2, 537133056, 8, 0, 0, 0, 0, 0, 133, 196, 26, 7, 128, 0, 0, 0, 0, 0, 0, 0, 0, 0, 0, 0, 0, 0, 0, 0, 0, 0, 0, 0, 0, 0, '', 1, 3, 1, 1, 1, 0, 0, 0, 0, 0, 0, 0, 0, 1, 0, 0, 2, '', 12340);
INSERT INTO `creature_template` (`entry`, `difficulty_entry_1`, `difficulty_entry_2`, `difficulty_entry_3`, `KillCredit1`, `KillCredit2`, `modelid1`, `modelid2`, `modelid3`, `modelid4`, `name`, `subname`, `IconName`, `gossip_menu_id`, `minlevel`, `maxlevel`, `exp`, `faction_A`, `faction_H`, `npcflag`, `speed_walk`, `speed_run`, `scale`, `rank`, `mindmg`, `maxdmg`, `dmgschool`, `attackpower`, `dmg_multiplier`, `baseattacktime`, `rangeattacktime`, `unit_class`, `unit_flags`, `dynamicflags`, `family`, `trainer_type`, `trainer_spell`, `trainer_class`, `trainer_race`, `minrangedmg`, `maxrangedmg`, `rangedattackpower`, `type`, `type_flags`, `lootid`, `pickpocketloot`, `skinloot`, `resistance1`, `resistance2`, `resistance3`, `resistance4`, `resistance5`, `resistance6`, `spell1`, `spell2`, `spell3`, `spell4`, `spell5`, `spell6`, `spell7`, `spell8`, `PetSpellDataId`, `VehicleId`, `mingold`, `maxgold`, `AIName`, `MovementType`, `InhabitType`, `Health_mod`, `Mana_mod`, `Armor_mod`, `RacialLeader`, `questItem1`, `questItem2`, `questItem3`, `questItem4`, `questItem5`, `questItem6`, `movementId`, `RegenHealth`, `equipment_id`, `mechanic_immune_mask`, `flags_extra`, `ScriptName`, `WDBVerified`) VALUES (17893, 22938, 0, 0, 0, 0, 17301, 0, 0, 0, 'Naturalist Biss', NULL, NULL, 17893, 64, 64, 1, 1660, 1660, 1, 1.125, 1.14286, 1, 0, 168, 234, 0, 252, 4.6, 2000, 1584, 2, 33536, 8, 0, 0, 0, 0, 0, 136, 202, 27, 7, 128, 0, 0, 0, 0, 0, 0, 0, 0, 0, 0, 0, 0, 0, 0, 0, 0, 0, 0, 0, 0, 0, 'EventAI', 1, 3, 1, 1, 1, 0, 0, 0, 0, 0, 0, 0, 0, 1, 0, 0, 2, '', 12340);
INSERT INTO `creature_template` (`entry`, `difficulty_entry_1`, `difficulty_entry_2`, `difficulty_entry_3`, `KillCredit1`, `KillCredit2`, `modelid1`, `modelid2`, `modelid3`, `modelid4`, `name`, `subname`, `IconName`, `gossip_menu_id`, `minlevel`, `maxlevel`, `exp`, `faction_A`, `faction_H`, `npcflag`, `speed_walk`, `speed_run`, `scale`, `rank`, `mindmg`, `maxdmg`, `dmgschool`, `attackpower`, `dmg_multiplier`, `baseattacktime`, `rangeattacktime`, `unit_class`, `unit_flags`, `dynamicflags`, `family`, `trainer_type`, `trainer_spell`, `trainer_class`, `trainer_race`, `minrangedmg`, `maxrangedmg`, `rangedattackpower`, `type`, `type_flags`, `lootid`, `pickpocketloot`, `skinloot`, `resistance1`, `resistance2`, `resistance3`, `resistance4`, `resistance5`, `resistance6`, `spell1`, `spell2`, `spell3`, `spell4`, `spell5`, `spell6`, `spell7`, `spell8`, `PetSpellDataId`, `VehicleId`, `mingold`, `maxgold`, `AIName`, `MovementType`, `InhabitType`, `Health_mod`, `Mana_mod`, `Armor_mod`, `RacialLeader`, `questItem1`, `questItem2`, `questItem3`, `questItem4`, `questItem5`, `questItem6`, `movementId`, `RegenHealth`, `equipment_id`, `mechanic_immune_mask`, `flags_extra`, `ScriptName`, `WDBVerified`) VALUES (17894, 0, 0, 0, 0, 0, 17309, 0, 0, 0, 'Windrufer Klaue', NULL, NULL, 17894, 65, 65, 1, 1659, 1659, 1, 1.48, 1.14286, 1, 1, 200, 281, 0, 278, 7.5, 1400, 0, 1, 0, 8, 0, 0, 0, 0, 0, 166, 246, 35, 7, 0, 0, 0, 0, 0, 0, 0, 0, 0, 0, 0, 0, 0, 0, 0, 0, 0, 0, 0, 0, 0, 0, '', 1, 3, 8, 1, 1, 0, 0, 0, 0, 0, 0, 0, 0, 1, 0, 0, 0, '', 12340);