delete from gameobject where id in (401006,201384);
insert into `gameobject` (`guid`, `id`, `map`, `spawnMask`, `phaseMask`, `position_x`, `position_y`, `position_z`, `orientation`, `rotation0`, `rotation1`, `rotation2`, `rotation3`, `spawntimesecs`, `animprogress`, `state`) values
('418052','201384','571','1','1','5797.52','695.496','657.949','4.1603','0','0','0.873059','-0.487614','-180','100','1'),
('418053','401006','658','3','1','726.09','-237.64','528.932','5.4906','0','0','0.386002','-0.922498','-300','0','0'),
('418054','401006','658','3','1','638.121','-209.633','528.932','3.41321','0','0','0.990792','-0.135392','-300','0','1');

delete from gameobject_template where entry in (401006,201384);
insert into `gameobject_template` (`entry`, `type`, `displayId`, `name`, `IconName`, `castBarCaption`, `unk1`, `faction`, `flags`, `size`, `questItem1`, `questItem2`, `questItem3`, `questItem4`, `questItem5`, `questItem6`, `data0`, `data1`, `data2`, `data3`, `data4`, `data5`, `data6`, `data7`, `data8`, `data9`, `data10`, `data11`, `data12`, `data13`, `data14`, `data15`, `data16`, `data17`, `data18`, `data19`, `data20`, `data21`, `data22`, `data23`, `AIName`, `ScriptName`, `WDBVerified`) values('401006','8','0','Forgemaster\'s Anvil (TEMP)','','','','0','0','1','0','0','0','0','0','0','1636','10','0','0','0','0','0','0','0','0','0','0','0','0','0','0','0','0','0','0','0','0','0','0','','','1'),
('201384','3','7679','Saubere Wäsche','','','','0','4','1','49648','0','0','0','0','0','43','201384','0','0','0','0','0','0','0','0','0','0','0','0','0','0','0','0','0','0','0','0','0','0','','','12340');

delete from gameobject_loot_template where entry = 201384;
insert into `gameobject_loot_template` (`entry`, `item`, `ChanceOrQuestChance`, `lootmode`, `groupid`, `mincountOrRef`, `maxcount`) values('201384','49648','-100','1','0','1','1');

delete from gossip_menu where entry in ('10199','10390','10858','36856','10857','30000');
insert into `gossip_menu` (`entry`, `text_id`)
 values
('10199','14151'),
('10390','14425'),
('10857','15074'),
('10858','15076'),
('36856','15066'),
('30000','40000');

delete from gossip_menu_option where menu_id in ('10199','10390','10858','36856','10857','30000');
insert into `gossip_menu_option` (`menu_id`, `id`, `option_icon`, `option_text`, `option_id`, `npc_option_npcflag`, `action_menu_id`, `action_poi_id`, `action_script_id`, `box_coded`, `box_money`, `box_text`) values
('10199','0','0','GOSSIP_OPTION_QUESTGIVER','2','2','0','0','0','0','0',NULL),
('10199','1','0','What do you know of ancient swords?','1','1','0','0','50139','0','0',NULL),
('10199','2','0','What do you know of ancient swords?','1','1','0','0','50140','0','0',NULL),
('10390','0','0','GOSSIP_OPTION_QUESTGIVER','2','2','0','0','0','0','0',NULL),
('10857','0','0','GOSSIP_OPTION_QUESTGIVER','2','2','0','0','0','0','0',NULL),
('10857','1','0','I\'m ready to deliver the tome, Magister Hathorel.','1','1','0','0','10857','0','0',NULL),
('10858','0','0','GOSSIP_OPTION_QUESTGIVER','2','2','0','0','0','0','0',NULL),
('10858','1','0','I\'m ready to deliver the tome, Arcanist Tybalin.','1','1','0','0','10858','0','0',NULL),
('36856','0','0','Arcanist Tubalin said you might be able to lend me a certain tabard.','1','1','0','0','36856','0','0',NULL),
('36856','1','0','Magister Hathorel said you might be able to lend me a certain tabard.','1','1','0','0','36856','0','0',NULL),
('30000','0','0','Ich bräuchte euren Segen für Quel\'Delar.','1','1','0','0','30000','0','0',NULL);

delete from gossip_scripts where id in ('10199','10390','10858','36856','10857','30000');
insert into `gossip_scripts` (`id`, `delay`, `command`, `datalong`, `datalong2`, `dataint`, `x`, `y`, `z`, `o`) values
('10858','0','15','69722','1','0','0','0','0','0'),
('50139','0','0','0','0','2000000063','0','0','0','0'),
('50140','0','0','0','0','2000000057','0','0','0','0'),
('50139','1','8','36715','0','0','0','0','0','0'),
('50140','1','8','36715','0','0','0','0','0','0'),
('36856','0','9','7779521','60','0','0','0','0','0'),
('10857','0','15','69722','1','0','0','0','0','0'),
('30000','0','8','37601','0','0','0','0','0','0');

delete from npc_text where id = 40000;
insert into `npc_text` (`ID`, `text0_0`, `text0_1`, `lang0`, `prob0`, `em0_0`, `em0_1`, `em0_2`, `em0_3`, `em0_4`, `em0_5`, `text1_0`, `text1_1`, `lang1`, `prob1`, `em1_0`, `em1_1`, `em1_2`, `em1_3`, `em1_4`, `em1_5`, `text2_0`, `text2_1`, `lang2`, `prob2`, `em2_0`, `em2_1`, `em2_2`, `em2_3`, `em2_4`, `em2_5`, `text3_0`, `text3_1`, `lang3`, `prob3`, `em3_0`, `em3_1`, `em3_2`, `em3_3`, `em3_4`, `em3_5`, `text4_0`, `text4_1`, `lang4`, `prob4`, `em4_0`, `em4_1`, `em4_2`, `em4_3`, `em4_4`, `em4_5`, `text5_0`, `text5_1`, `lang5`, `prob5`, `em5_0`, `em5_1`, `em5_2`, `em5_3`, `em5_4`, `em5_5`, `text6_0`, `text6_1`, `lang6`, `prob6`, `em6_0`, `em6_1`, `em6_2`, `em6_3`, `em6_4`, `em6_5`, `text7_0`, `text7_1`, `lang7`, `prob7`, `em7_0`, `em7_1`, `em7_2`, `em7_3`, `em7_4`, `em7_5`, `WDBVerified`) values('40000','Seid gegrüßt, $N. Wie kann ich euch helfen?','Seid gegrüßt, $N. Wie kann ich euch helfen?','0','1','1','0','0','0','0','0',NULL,NULL,'0','0','0','0','0','0','0','0',NULL,NULL,'0','0','0','0','0','0','0','0',NULL,NULL,'0','0','0','0','0','0','0','0',NULL,NULL,'0','0','0','0','0','0','0','0',NULL,NULL,'0','0','0','0','0','0','0','0',NULL,NULL,'0','0','0','0','0','0','0','0',NULL,NULL,'0','0','0','0','0','0','0','0','1');

delete from conditions where sourcegroup in ('10199','10390','10858','36856','10857','30000');
insert into `conditions` (`SourceTypeOrReferenceId`, `SourceGroup`, `SourceEntry`, `ElseGroup`, `ConditionTypeOrReference`, `ConditionValue1`, `ConditionValue2`, `ConditionValue3`, `ErrorTextId`, `ScriptName`, `Comment`) values
('15','10199','1','0','9','24555','0','0','0','',NULL),
('15','10199','2','0','9','14444','0','0','0','',NULL),
('15','10858','1','0','9','24451','0','0','0','',NULL),
('15','36856','0','0','9','24556','0','0','0','',NULL),
('15','36856','1','0','9','20438','0','0','0','',NULL),
('15','10858','2','0','2','49698','1','0','0','',NULL),
('15','36856','2','0','2','49648','1','0','0','',NULL),
('15','36856','3','0','2','49648','1','0','0','',NULL),
('15','10857','2','0','2','49698','1','0','0','',NULL),
('15','10857','1','0','9','20439','0','0','0','',NULL),
('15','30000','0','0','9','24535','0','0','0','',NULL),
('15','30000','0','0','9','24563','0','0','0','',NULL);

DELETE FROM creature_questrelation WHERE quest IN ('14443','14444','14457','20438','20439','24454','24461','24476','24480','24522','24535','24796','24595','24795','24554','24555','24557','24556','24451','24558','24559','24560','24561','24562','24563','24799','24564','24801');
insert into `creature_questrelation` (`id`, `quest`) values
('36624','14444'),
('36624','24461'),
('36624','24476'),
('36624','24480'),
('36624','24522'),
('36624','24795'),
('36624','24796'),
('36642','24555'),
('36642','24558'),
('36642','24559'),
('36642','24560'),
('36642','24561'),
('36642','24562'),
('36642','24799'),
('36642','24801'),
('36669','14457'),
('36669','20438'),
('36669','20439'),
('36669','24454'),
('36670','24451'),
('36670','24556'),
('36670','24557'),
('36670','24558'),
('37527','24535'),
('37527','24563');

DELETE FROM creature_involvedrelation WHERE quest IN ('14443','14444','14457','20438','20439','24454','24461','24476','24480','24522','24535','24796','24595','24795','24554','24555','24557','24556','24451','24558','24559','24560','24561','24562','24563','24799','24564','24801');
insert into `creature_involvedrelation` (`id`, `quest`) values
('30115','24796'),
('30116','24801'),
('33817','24795'),
('33817','24799'),
('36624','14443'),
('36624','24454'),
('36624','24461'),
('36624','24476'),
('36624','24480'),
('36642','24554'),
('36642','24558'),
('36642','24559'),
('36642','24560'),
('36642','24561'),
('36642','24564'),
('36642','24595'),
('36669','14444'),
('36669','14457'),
('36669','20438'),
('36669','20439'),
('36670','24451'),
('36670','24555'),
('36670','24556'),
('36670','24557'),
('37527','24522'),
('37527','24535'),
('37527','24562'),
('37527','24563');

DELETE FROM quest_template WHERE entry IN ('14443','14444','14457','20438','20439','24454','24461','24476','24480','24522','24535','24796','24595','24795','24554','24555','24557','24556','24451','24558','24559','24560','24561','24562','24563','24799','24564','24801');
INSERT INTO `quest_template` (`entry`, `Method`, `ZoneOrSort`, `SkillOrClassMask`, `MinLevel`, `MaxLevel`, `QuestLevel`, `Type`, `RequiredRaces`, `RequiredSkillValue`, `RepObjectiveFaction`, `RepObjectiveValue`, `RepObjectiveFaction2`, `RepObjectiveValue2`, `RequiredMinRepFaction`, `RequiredMinRepValue`, `RequiredMaxRepFaction`, `RequiredMaxRepValue`, `SuggestedPlayers`, `LimitTime`, `QuestFlags`, `SpecialFlags`, `CharTitleId`, `PlayersSlain`, `BonusTalents`, `RewardArenaPoints`, `PrevQuestId`, `NextQuestId`, `ExclusiveGroup`, `NextQuestInChain`, `RewXPId`, `SrcItemId`, `SrcItemCount`, `SrcSpell`, `Title`, `Details`, `Objectives`, `OfferRewardText`, `RequestItemsText`, `EndText`, `CompletedText`, `ObjectiveText1`, `ObjectiveText2`, `ObjectiveText3`, `ObjectiveText4`, `ReqItemId1`, `ReqItemId2`, `ReqItemId3`, `ReqItemId4`, `ReqItemId5`, `ReqItemId6`, `ReqItemCount1`, `ReqItemCount2`, `ReqItemCount3`, `ReqItemCount4`, `ReqItemCount5`, `ReqItemCount6`, `ReqSourceId1`, `ReqSourceId2`, `ReqSourceId3`, `ReqSourceId4`, `ReqSourceCount1`, `ReqSourceCount2`, `ReqSourceCount3`, `ReqSourceCount4`, `ReqCreatureOrGOId1`, `ReqCreatureOrGOId2`, `ReqCreatureOrGOId3`, `ReqCreatureOrGOId4`, `ReqCreatureOrGOCount1`, `ReqCreatureOrGOCount2`, `ReqCreatureOrGOCount3`, `ReqCreatureOrGOCount4`, `ReqSpellCast1`, `ReqSpellCast2`, `ReqSpellCast3`, `ReqSpellCast4`, `RewChoiceItemId1`, `RewChoiceItemId2`, `RewChoiceItemId3`, `RewChoiceItemId4`, `RewChoiceItemId5`, `RewChoiceItemId6`, `RewChoiceItemCount1`, `RewChoiceItemCount2`, `RewChoiceItemCount3`, `RewChoiceItemCount4`, `RewChoiceItemCount5`, `RewChoiceItemCount6`, `RewItemId1`, `RewItemId2`, `RewItemId3`, `RewItemId4`, `RewItemCount1`, `RewItemCount2`, `RewItemCount3`, `RewItemCount4`, `RewRepFaction1`, `RewRepFaction2`, `RewRepFaction3`, `RewRepFaction4`, `RewRepFaction5`, `RewRepValueId1`, `RewRepValueId2`, `RewRepValueId3`, `RewRepValueId4`, `RewRepValueId5`, `RewRepValue1`, `RewRepValue2`, `RewRepValue3`, `RewRepValue4`, `RewRepValue5`, `RewHonorAddition`, `RewHonorMultiplier`, `unk0`, `RewOrReqMoney`, `RewMoneyMaxLevel`, `RewSpell`, `RewSpellCast`, `RewMailTemplateId`, `RewMailDelaySecs`, `PointMapId`, `PointX`, `PointY`, `PointOpt`, `DetailsEmote1`, `DetailsEmote2`, `DetailsEmote3`, `DetailsEmote4`, `DetailsEmoteDelay1`, `DetailsEmoteDelay2`, `DetailsEmoteDelay3`, `DetailsEmoteDelay4`, `IncompleteEmote`, `CompleteEmote`, `OfferRewardEmote1`, `OfferRewardEmote2`, `OfferRewardEmote3`, `OfferRewardEmote4`, `OfferRewardEmoteDelay1`, `OfferRewardEmoteDelay2`, `OfferRewardEmoteDelay3`, `OfferRewardEmoteDelay4`, `StartScript`, `CompleteScript`, `WDBVerified`) 
VALUES
('14443','2','210','0','80','0','80','0','1101','0','0','0','0','0','0','0','0','0','0','0','128','0','0','0','0','0','0','14444','0','14444','4','50379','1','0','Der ramponierte Schwertgriff','Dieser ramponierte alte Schwertgriff hat schon bessere Tage gesehen. Bevor er von der Klinge gebrochen wurde, muss es sich dabei um ein wunderschönes Beispiel der Schmiedekunst gehandelt haben.$B$BDie eleganten Symbole und exotischen Edelsteine, die den Griff schmücken, lassen darauf schließen, dass die Waffe womöglich einer mächtigen Person gehörte. Der Silberbund wäre sicherlich am Fund eines solchen Artefakts interessiert. Sucht ihren Repräsentanten in Quel\'Delars Ruh südlich des Argentumturnierplatzes auf.','Bringt den ramponierten Schwertgriff zu Caladis Prunkspeer in Quel\'Delars Ruh südlich des Argentumturnierplatzes.','<Caladis nimmt Euch den Schwertgriff ab und begutachtet ihn langsam drehend in seiner Hand.>$B$BDer kommt mir irgendwie bekannt vor, als müsste ich wissen, woher er kommt. Ihr habt ihn in der Zitadelle gefunden? Äußerst interessant.$B$BEs gibt nur wenige, welche die Fähigkeit besitzen, solch eine Klinge herzustellen. Vielleicht können sie uns etwas über Euren Fund sagen.','Was habt Ihr denn da?','','Kehrt zu Caladis Prunkspeer in Eiskrone zurück.','','','','','50379','0','0','0','0','0','1','0','0','0','0','0','0','0','0','0','0','0','0','0','0','0','0','0','0','0','0','0','0','0','0','0','0','0','0','0','0','0','0','0','0','0','0','0','0','0','0','0','0','0','0','0','0','0','0','0','0','0','0','0','0','0','0','0','0','0','0','0','0','0','58000','99300','0','0','0','0','0','0','0','0','0','0','0','0','0','0','0','0','0','0','0','0','0','0','0','0','0','0','0','0','12340'),
('14444','2','210','0','80','0','80','0','1101','0','0','0','0','0','0','0','0','0','0','0','136','0','0','0','0','0','14443','14457','0','14457','5','0','0','0','Das Wissen der Drachen','Es gibt keinen Zweifel: Dieser Schwertgriff stammt von einer mächtigen, uralten Waffe - aber welcher? Ich kann mich nicht daran erinnern, ein Schwert mit solchen Markierungen gesehen oder davon gehört zu haben, was jedoch nicht heißt, dass wir in einer Sackgasse gelandet sind.$B$BKorialstrasz, besser bekannt als Krasus, ist schon seit Langem ein Freund der Quel\'dorei und der Kirin Tor. Seinem immensen Wissen und seinen gewaltigen Ressourcen nach zu urteilen wird er mit Sicherheit etwas wissen. Reist zur Spitze des Wyrmruhtempels und ersucht ihn um Rat. Meldet Euch anschließend bei Arkanist Tybalin im Inneren der Silbernen Enklave in Dalaran.','Sprecht mit Krasus in der Spitze des Wyrmruhtempels.','Wir dürfen das Buch nicht in den Händen der Sonnenhäscher belassen. Wenn wir das Schwert identifizieren und zu unserem Vorteil nutzen wollen, müssen wir einen Weg finden, an das Buch heranzukommen, das Krasus ihnen geliehen hat.',NULL,'','Kehrt zu Arkanist Tybalin am Zwielichtbach im Kristallsangwald zurück.','Fragt Krasus, woher der Schwertgriff kommt.','','','','0','0','0','0','0','0','0','0','0','0','0','0','0','0','0','0','0','0','0','0','36715','0','0','0','1','0','0','0','0','0','0','0','0','0','0','0','0','0','0','0','0','0','0','0','0','0','0','0','0','0','0','0','0','0','0','0','0','0','0','0','0','0','0','0','0','0','0','0','0','0','74000','132300','0','0','0','0','0','0','0','0','0','0','0','0','0','0','0','0','0','0','0','0','0','0','0','0','0','0','0','0','12340'),
('14457','2','4395','0','80','0','80','0','1101','0','0','0','0','0','0','0','0','0','0','0','136','0','0','0','0','0','14444','20438','0','20438','5','0','0','0','Der Plan der Sonnenhäscher','Einer meiner Kontakte unten in den Kanälen der Schattenseite hat in der Nähe des Schwarzmarktes einen Agenten der Sonnenhäscher erblickt. Die Sonnenhäscher sind normalerweise nicht dafür bekannt, ein Interesse am dortigen Treiben zu hegen, was also sehr stark darauf hindeutet, dass sie etwas vorhaben.$B$BBegebt Euch zur Schattenseite, spürt diesen Agenten auf und kümmert Euch um ihn. Durchsucht ihn nach allen Informationen, die uns einen Hinweis über den Verbleib dieses Folianten vom Wyrmruhtempel liefern könnten. Wir können nicht zulassen, dass sie ihn zuerst zurück nach Eiskrone bringen.','Gelangt an die Befehle der Sonnenhäscher.','<Arkanist Tybalin sieht sich die gefundenen Befehle genauer an.>$B$BDer Agent, den Ihr abgefangen habt, sollte, nachdem er sich mit einem gewissen Magister Hathorel in Sonnenhäschers Zuflucht getroffen hat, den Folianten nach Eiskrone bringen. Wir müssen dieses Buch bekommen, $N, und das ist unsere Chance. Es wird jedoch nicht einfach sein.','Habt Ihr irgendetwas Brauchbares bei dem Agenten finden können?','','Kehrt zu Arkanist Tybalin am Zwielichtbach im Kristallsangwald zurück.','','','','','49536','0','0','0','0','0','1','0','0','0','0','0','0','0','0','0','0','0','0','0','0','0','0','0','0','0','0','0','0','0','0','0','0','0','0','0','0','0','0','0','0','0','0','0','0','0','0','0','0','0','0','0','0','0','0','0','0','0','0','0','0','0','0','0','0','0','0','0','0','0','74000','132300','0','0','0','0','0','0','0','0','0','0','0','0','0','0','0','0','0','0','0','0','0','0','0','0','0','0','0','0','12340'),
('20438','2','210','0','80','0','80','0','1101','0','0','0','0','0','0','0','0','0','0','0','136','0','0','0','0','0','14457','20439','0','20439','5','0','0','0','Eine passende Verkleidung','Euch ins Innere von Sonnenhäschers Zuflucht zu bringen, wird schwieriger sein, als es erscheint. Nur diejenigen, die über einen Wappenrock der Sonnenhäscher verfügen, wird Zugang zur Zuflucht gewährt. Sollten wir an einen herankommen können, wird eine einfache Verzauberung den Rest erledigen.$B$BAuf dem Balkon über den Fäden des Schicksals werdet Ihr Shandy Lackglanz finden. Ich habe ihm in der Vergangenheit ein paar Mal geholfen - er schuldet mir also noch einen Gefallen. Er kümmert sich um die Wäsche etlicher Leute jeden Schlags aus der Stadt. Vielleicht kann er einen Weg finden, Euch einen Wappenrock eine Weile lang \"auszuleihen\".','Besorgt Euch von Shandy Lackglanz einen geliehenen Wappenrock.','Ich wusste, dass Shandy für uns einen Weg finden würde, hindurchzukommen. Lasst mich ihn verzaubern, damit Ihr ihn verwenden könnt. Je eher Ihr den Wappenrock nicht mehr braucht, um so schneller können wir ihn Shandy zurückgeben und um so höher wird unsere Chance sein, dass sein Besitzer ihn niemals vermissen wird.','Konnte Shandy Euch dabei helfen, an einen Wappenrock der Sonnenhäscher heranzukommen?','','Kehrt zu Arkanist Tybalin am Zwielichtbach im Kristallsangwald zurück.','','','','','49648','0','0','0','0','0','1','0','0','0','0','0','0','0','0','0','0','0','0','0','0','0','0','0','0','0','0','0','0','0','0','0','0','0','0','0','0','0','0','0','0','0','0','0','0','0','0','0','0','0','0','0','0','0','0','0','0','0','0','0','0','0','0','0','0','0','0','0','0','0','74000','132300','0','0','0','0','0','0','0','0','0','0','0','0','0','0','0','0','0','0','0','0','0','0','0','0','0','0','0','0','12340'),
('20439','2','210','0','80','0','80','0','1101','0','0','0','0','0','0','0','0','0','0','0','128','0','0','0','0','0','20438','24454','0','24454','0','49648','1','69672','Ein Treffen mit dem Magister','Ich habe eine Verzauberung auf den Wappenrock gelegt, die es Euch erlauben sollte, einen kurzen Augenblick lang unentdeckt an den Verteidigungsvorkehrungen der Zuflucht der Sonnenh','Besorgt den Folianten \"Uralte drachengeschmiedete Klingen\" von Magister Hathorel.','Ausgezeichnete Arbeit! Jetzt, wo es sich in unserem Besitz befindet, m','Habt Ihr das Buch besorgt?','',NULL,'','','','','49698','0','0','0','0','0','1','0','0','0','0','0','0','0','0','0','0','0','0','0','0','0','0','0','0','0','0','0','0','0','0','0','0','0','0','0','0','0','0','0','0','0','0','0','0','0','0','0','0','0','0','0','0','0','0','0','0','0','0','0','0','0','0','0','0','0','0','0','1','0','58000','99300','0','71098','0','0','0','0','0','0','0','0','0','0','0','0','0','0','0','0','0','0','0','0','0','0','0','0','0','0','1'),
('24451','2','210','0','80','0','80','0','690','0','0','0','0','0','0','0','0','0','0','0','128','0','0','0','0','0','24556','24558','0','24558','4','49648','1','70971','Eine Audienz mit dem Arkanisten','Ich habe den Wappenrock mit einem Zauber belegt, sodass Ihr für kurze Zeit die Verteidigung der Silbernen Enklave umgehen könnt. Das dürfte Euch genügend Zeit verschaffen, um in die obere Ebene der Silbernen Enklave zu gelangen und jemanden vom Silberbund namens Arkanist Tybalin zu treffen.$B$BNutzt Eure Tarnung, um das Exemplar von \"Uralte drachengeschmiedete Klingen\", das seine Leute von Wyrmruh geliehen haben, zu beschaffen und zu mir zu bringen.','Holt den Folianten \"Uralte drachengeschmiedete Klingen\" bei Arkanist Tybalin.','Ausgezeichnete Arbeit! Jetzt, wo es sich in unserem Besitz befindet, müssen wir es so schnell wie möglich zu Myralion Sonnenfeuer bringen. Wir dürfen nicht riskieren, dass das Buch wieder in die Hände des Silberbunds gelangt.$B$BIch kümmere mich darum, dass Shandy Lackglanz seinen Wappenrock unbeschadet zurückbekommt und für seine Hilfe entschädigt wird. Sobald sich das Buch in Myralions Händen befindet, stellt der Silberbund keine Bedrohung mehr dar.',NULL,'','Kehrt zu Magister Hathorel im Kristallsangwald zurück.','','','','','49698','0','0','0','0','0','1','0','0','0','0','0','0','0','0','0','0','0','0','0','0','0','0','0','0','0','0','0','0','0','0','0','0','0','0','0','0','0','0','0','0','0','0','0','0','0','0','0','0','0','0','0','0','0','0','0','0','0','0','0','0','0','0','0','0','0','0','0','0','0','58000','99300','0','71098','0','0','0','0','0','0','0','0','0','0','0','0','0','0','0','0','0','0','0','0','0','0','0','0','0','0','12340'),
('24454','2','210','0','80','0','80','0','1101','0','0','0','0','0','0','0','0','0','0','0','128','0','0','0','0','0','20439','24461','0','24461','3','49698','1','0','Kehrt zu Caladis Prunkspeer zurück','Wir müssen dieses Buch umgehend zu Caladis Prunkspeer bringen. Würdet Ihr das tun? Ich kann mich auf niemand anderen verlassen, das Buch zu transportieren, und Ihr habt Euch geschickt darin erwiesen, die Sonnenhäscher auf Abstand zu halten.$B$BBringt es nach Quel\'Delars Ruh südlich des Argentumturnierplatzes in Eiskrone. Caladis und das Schwert werden auf Euch warten. Je eher wir die Klinge identifizieren, desto eher können wir Anspruch darauf erheben.','Bringt \"Uralte drachengeschmiedete Klingen\" zu Caladis Prunkspeer nach Quel\'Delars Ruh.','<Caladis nimmt das schwere Buch entgegen und fängt an es durchzublättern.>$B$BIch wusste, dass mir die Symbole auf der Klinge bekannt vorkamen. Die Waffe wurde ganz bestimmt von den Drachen geschmiedet und als Geschenk an eine der sterblichen Rassen übergeben. Aber welche Klinge soll das sein und wie kommt es, dass sie in Eiskrone ruht?','Wir haben Eure Rückkehr erwartet. Was hat Euch zurückgehalten?','','Kehrt zu Caladis Prunkspeer in Eiskrone zurück.','','','','','49698','0','0','0','0','0','1','0','0','0','0','0','0','0','0','0','0','0','0','0','0','0','0','0','0','0','0','0','0','0','0','0','0','0','0','0','0','0','0','0','0','0','0','0','0','0','0','0','0','0','0','0','0','0','0','0','0','0','0','0','0','0','0','0','0','0','0','0','0','0','37000','66300','0','0','0','0','0','0','0','0','0','0','0','0','0','0','0','0','0','0','0','0','0','0','0','0','0','0','0','0','12340'),
('24461','2','4813','0','80','0','80','81','1101','0','0','0','0','0','0','0','0','0','0','0','128','0','0','0','0','0','24454','24476','0','24476','5','49740','1','0','Das Schwert neu schmieden','Wir dürfen nicht zulassen, dass Quel\'Delar in zerbrochenem und entehrtem Zustand bleibt. Nehmt die Überreste des Schwertes sowie den von Euch gefundenen ramponierten Schwertgriff und begebt Euch in die Grube von Saron in der Eiskronenzitadelle.$B$BIn der Grube lässt der Lichkönig Sklaven Saroniterz fördern sowie be- und verarbeiten. Dieses energieerfüllte Saronit brauchen wir, um Quel\'Delar wiederherzustellen.$B$BIhr müsst energieerfüllte Saronitbarren sammeln und den Hammer des Schmiedemeisters erbeuten, Euch mit beidem zum Amboss des Schmiedemeisters begeben und das Schwert neu schmieden.','Besorgt 5 energieerfüllte Saronitbarren sowie den Hammer des Schmiedemeisters und schmiedet damit Quel\'Delar neu.','Ihr habt die Klinge Quel\'Delars wiederhergestellt, obwohl Blutkönigin Lana\'thel verkündet hat, es würde nicht gelingen. Zwar muss die Klinge noch getempert werden, doch Lana\'thel und ihr Meister werden uns nicht daran hindern.','Konntet Ihr Quel\'Delar wiederherstellen?','','Kehrt zu Caladis Prunkspeer in Eiskrone zurück.','','','','','49739','0','0','0','0','0','1','0','0','0','0','0','49723','0','0','0','1','0','0','0','0','0','0','0','0','0','0','0','0','0','0','0','0','0','0','0','0','0','0','0','0','0','0','0','0','0','0','0','0','0','0','0','0','0','0','0','0','0','0','0','0','0','0','0','0','0','0','0','0','0','74000','132300','0','0','0','0','0','0','0','0','0','0','0','0','0','0','0','0','0','0','0','0','0','0','0','0','0','0','0','0','12340'),
('24476','2','210','0','80','0','80','81','1101','0','0','0','0','0','0','0','0','0','0','0','128','0','0','0','0','0','24461','24480','0','24480','5','49920','1','0','Die Klinge tempern','Endlich wurden die Bruchstücke von Quel\'Delar wieder vereint und die Klinge ist ganz - doch sie muss zuerst getempert werden, bevor Ihr sie einsetzen könnt. Die gezackte Saronitschneide ist spröde und würde beim ersten Kontakt zerbrechen.$B$BIn den Tiefen der Seelenschmiede in der Eiskronenzitadelle gibt es einen Ort, an dem sie sicher getempert werden kann. Nehmt Quel\'Delar mit Euch zum Domizil des Verschlingers der Seelen und sucht nach dem Schmelztiegel. Taucht die Klinge dort hinein und bringt sie zurück zu mir in die gefrorenen Hallen.','Tempert das neugeschmiedete Quel\'Delar im Schmelztiegel der Seelen.','Ich... ich verstehe nicht. Das Schwert zu tempern hätte die Klinge wieder in ihren ursprünglichen Zustand bringen sollen. Was ist hier geschehen?','Solange das Schwert nicht getempert wurde, ist es nutzlos.','','Kehrt zu Caladis Prunkspeer in Eiskrone zurück.','','','','','49750','0','0','0','0','0','1','0','0','0','0','0','0','49920','0','0','0','1','0','0','0','0','0','0','0','0','0','0','0','0','0','0','0','0','0','0','0','0','0','0','0','0','0','0','0','0','0','0','0','0','0','0','0','0','0','0','0','0','0','0','0','0','0','0','0','0','0','0','0','0','74000','132300','0','0','0','0','0','0','0','0','0','0','0','0','0','0','0','0','0','0','0','0','0','0','0','0','0','0','0','0','12340'),
('24480','2','4820','0','80','0','80','81','1101','0','0','0','0','0','0','0','0','0','0','0','128','0','0','0','0','0','24476','24522','0','24522','5','49766','1','0','Die Hallen der Reflexion','Ihr habt das Schwert zwar neu geschmiedet und getempert, dennoch ruht es in seiner Scheide und zeigt nichts von der Macht, die es besitzen soll. Ihr sagt, dass es Euch zieht, als hätte es einen eigenen Willen?$B$BWagt Ihr es, das Schwert an den von ihm gewünschten Ort zu bringen? Es ist nicht richtig, dass es so ruhig und doch so hartnäckig ist, und ich fürchte, wir werden nie erfahren weshalb, solltet Ihr es nicht an seinen Zielort bringen. Bringt es in die Hallen der Reflexion in der Eiskronenzitadelle. Seid jedoch auf der Hut! Ich warte in den gefrorenen Hallen auf Euch.','Bringt Quel\'Delar nach Schwertruh ins Innere der Hallen der Reflexion.','Ich hätte es nicht für möglich gehalten, dass das Böse von solch einem Schwert Besitz ergreifen kann, doch ich nehme an, dass das naiv von mir war. Wenn die größte Schöpfung der Drachen verdorben und gegen sie gerichtet werden kann, weshalb sollte da ein Schwert die Ausnahme bilden?$B$BUthers Rat ist weise, $N, und ich würde Euch nahelegen, ihn schleunigst zu befolgen.','Was ist im Inneren der Hallen der Reflexion geschehen?','','Kehrt zu Caladis Prunkspeer in Eiskrone zurück.','Bringt Quel\'Delar in die Hallen der Reflexion','','','','0','50254','0','0','0','0','0','1','0','0','0','0','0','0','49766','0','0','0','1','0','37158','0','0','0','1','0','0','0','0','0','0','0','0','0','0','0','0','0','0','0','0','0','0','0','0','0','0','0','0','0','0','0','0','0','0','0','0','0','0','0','0','0','0','0','0','0','0','0','0','0','74000','132300','0','0','0','0','0','0','0','0','0','0','0','0','0','0','0','0','0','0','0','0','0','0','0','0','0','0','0','0','12340'),
('24522','2','4080','0','80','0','80','0','1101','0','0','0','0','0','0','0','0','0','0','0','128','0','0','0','0','0','24480','24535','0','24535','1','49870','1','0','Reise zum Sonnenbrunnen','Bringt Quel\'Delar so schnell wie möglich zum Sonnenbrunnen, $N! Glaubt Uthers Worten, dass Ihr die Kontrolle über die Klinge nicht immer behalten könnt, wenn sie dem bösen Einfluss des Lichkönigs ausgesetzt ist. Ihr müsst zur Insel von Quel\'Danas reisen und versuchen, zum Sonnenbrunnen zu gelangen, um das Schwert zu läutern.$B$BDie Wächter des Sonnenbrunnens werden Euch nicht so einfach Zutritt gewähren. Daher müsst Ihr Euch an Halduron Wolkenglanz wenden, der ein Auge auf die Wachen dort hat.','Sprecht mit Halduron Wolkenglanz am Eingang des Sonnenbrunnenplateaus auf der Insel von Quel\'Danas.','Ihr wollt Zugang zum Sonnenbrunnen? Das ist unmöglich! Der Sonnenbrunnen ist unserem Volk der heiligste und wichtigste Ort. Erst kürzlich konnten wir ihn durch die Hilfe der Offensive der Zerschmetterten Sonne zurückgewinnen. Er ist kein Ort für Touristen und Reisende.','Was führt Euch hierher?','','Kehrt zu Halduron Wolkenglanz in Morgenstern auf der Insel von Quel\'Danas zurück.','','','','','0','49870','0','0','0','0','0','1','0','0','0','0','0','0','0','0','0','0','0','0','0','0','0','0','0','0','0','0','0','0','0','0','0','0','0','0','0','0','0','0','0','0','0','0','0','0','0','0','0','0','0','0','0','0','0','0','0','0','0','0','0','0','0','0','0','0','0','0','0','0','7400','13200','0','0','0','0','0','0','0','0','0','0','0','0','0','0','0','0','0','0','0','0','0','0','0','0','0','0','0','0','12340'),
('24535','2','4080','0','80','0','80','0','1101','0','0','0','0','0','0','0','0','0','0','0','128','0','0','0','0','0','24522','24553','0','24553','5','49870','1','0','Thalorien Dämmersucher','Solltet Ihr Quel\'Delar wirklich bei Euch tragen, $N, kann ich Euch vielleicht Zutritt zum Sonnenbrunnen verschaffen. Wenn Ihr die Geschichte der Klinge kennt, erinnert Ihr Euch vielleicht, dass Thalorien Dämmersucher sie bei der Verteidigung des Sonnenbrunnens gegen die Geißel führte. Er fiel dort, wo sich heute die Todesschneise befindet, und verschaffte so seinen Leuten Zeit, eigene Vorbereitungen zu treffen. Seine sterblichen Überreste befinden sich am südlichen Ende der Todesschneise auf dieser Insel. Begebt Euch dorthin, damit sein Geist Euch den Segen erteilt, zum Sonnenbrunnen zu gehen.','Besucht die sterblichen Überreste Thalorien Dämmersuchers und erhaltet seinen Segen zum Führen Quel\'Delars.','Ich gebe zu, dass ich nicht erwartet hätte, dass Thalorien Euch als Erben Quel\'Delars anerkennt, aber ich respektiere sein Urteil. Ihr dürft zum Sonnenbrunnen gehen, doch ich erinnere Euch daran, dass Ihr an unserem allerheiligsten Ort zu Gast seid und Euch dementsprechend zu verhalten habt.','Seid Ihr an dem Ort gewesen, an dem Thalorien fiel, als er den Sonnenbrunnen verteidigte?','','Kehrt zu Halduron Wolkenglanz in Morgenstern auf der Insel von Quel\'Danas zurück.','Thaloriens Segen erhalten','','','','0','49870','0','0','0','0','0','1','0','0','0','0','0','0','0','0','0','0','0','0','37601','0','0','0','1','0','0','0','0','0','0','0','0','0','0','0','0','0','0','0','0','0','0','0','0','0','0','0','0','0','0','0','0','0','0','0','0','0','0','0','0','0','0','0','0','0','0','0','0','0','74000','132300','0','0','0','0','0','0','0','0','0','0','0','0','0','0','0','0','0','0','0','0','0','0','0','0','0','0','0','0','12340'),
('24554','2','210','0','80','0','80','0','690','0','0','0','0','0','0','0','0','0','0','0','128','0','0','0','0','0','0','24555','0','24555','4','50380','1','0','Der ramponierte Schwertgriff','Dieser ramponierte alte Schwertgriff hat schon bessere Tage gesehen. Bevor er von der Klinge gebrochen wurde, muss es sich dabei um ein wunderschönes Beispiel der Schmiedekunst gehandelt haben.$B$BDie eleganten Symbole und exotischen Edelsteine, die den Griff schmücken, lassen darauf schließen, dass die Waffe womöglich einer mächtigen Person gehörte. Die Sonnenhäscher wären sicherlich am Fund eines solchen Artefakts interessiert. Sucht ihren Repräsentanten in Quel\'Delars Ruh südlich des Argentumturnierplatzes auf.','Bringt den ramponierten Schwertgriff zu Myralion Sonnenfeuer in Quel\'Delars Ruh südlich des Argentumturnierplatzes.','<Myralion nimmt den Schwertgriff an sich und inspiziert das Artefakt.>$B$BDas habt Ihr aus der Zitadelle? Was hat es dort gemacht? Diese Klinge ist gewiss kein Erzeugnis der Geißel.$B$BWaffen dieser Qualität können nur von einigen wenigen Geschöpfen Azeroths hergestellt werden. Wir müssen mit ihnen in Verbindung treten und sehen, ob sie uns bei der Identifizierung der Waffe behilflich sein können.',NULL,'','Kehrt zu Myralion Sonnenfeuer in Eiskrone zurück.','','','','','50380','0','0','0','0','0','1','0','0','0','0','0','0','0','0','0','0','0','0','0','0','0','0','0','0','0','0','0','0','0','0','0','0','0','0','0','0','0','0','0','0','0','0','0','0','0','0','0','0','0','0','0','0','0','0','0','0','0','0','0','0','0','0','0','0','0','0','0','0','0','58000','99300','0','0','0','0','0','0','0','0','0','0','0','0','0','0','0','0','0','0','0','0','0','0','0','0','0','0','0','0','12340'),
('24555','2','210','0','80','0','80','0','690','0','0','0','0','0','0','0','0','0','0','0','136','0','0','0','0','0','24554','24557','0','24557','5','0','0','0','Das Wissen der Drachen','Dieser Schwertgriff stammt ganz eindeutig von einer sehr alten, sehr mächtigen Waffe. Nur von welcher? Diese Muster sind mir unbekannt, doch wir haben unsere Möglichkeiten noch nicht ausgeschöpft.$B$BKorialstrasz, besser bekannt als Krasus, ist schon lange Zeit mit den Quel\'dorei und den Kirin Tor befreundet. Mit seinem umfangreichen Wissen und seinen Beziehungen kann er uns sicher weiterhelfen. Reist zur höchsten Ebene des Wyrmruhtempels und bittet ihn um Rat, meldet Euch dann bei Magister Hathorel in Sonnenhäschers Zuflucht in Dalaran.','Sprecht mit Krasus in der Spitze des Wyrmruhtempels.','Wir müssen uns das Buch vom Silberbund wiederbeschaffen. Ohne das Buch von Krasus haben wir kaum eine Chance, das Rätsel um das Schwert in Eiskrone zu lösen oder seine Macht freizusetzen.',NULL,'','Kehrt zu Magister Hathorel im Kristallsangwald zurück.','Fragt Krasus, woher der Schwertgriff kommt','','','','0','0','0','0','0','0','0','0','0','0','0','0','0','0','0','0','0','0','0','0','36715','0','0','0','1','0','0','0','0','0','0','0','0','0','0','0','0','0','0','0','0','0','0','0','0','0','0','0','0','0','0','0','0','0','0','0','0','0','0','0','0','0','0','0','0','0','0','0','0','0','74000','132300','0','0','0','0','0','0','0','0','0','0','0','0','0','0','0','0','0','0','0','0','0','0','0','0','0','0','0','0','12340'),
('24556','2','210','0','80','0','80','0','690','0','0','0','0','0','0','0','0','0','0','0','136','0','0','0','0','0','24557','24451','0','24451','5','0','0','0','Eine passende Verkleidung','Euch ins Innere der Silbernen Enklave zu bringen, wird schwieriger sein, als es erscheint. Nur diejenigen, die über einen Wappenrock des Silberbundes verfügen, wird Zugang zur Zuflucht gewährt. Sollten wir an einen herankommen können, wird eine einfache Verzauberung den Rest erledigen.$B$BAuf dem Balkon über den Fäden des Schicksals werdet Ihr Shandy Lackglanz finden. Ich habe ihm in der Vergangenheit ein paar Mal geholfen - er schuldet mir also noch einen Gefallen. Er kümmert sich um die Wäsche etlicher Leute jeden Schlags aus der Stadt. Vielleicht kann er einen Weg finden, Euch einen Wappenrock eine Weile lang \"auszuleihen\".','Besorgt Euch von Shandy Lackglanz einen geliehenen Wappenrock.','Ich wusste, dass Shandy einen Weg finden würde. Lasst mich ihn verzaubern, damit Ihr ihn verwenden könnt. Mit etwas Glück wird der Besitzer des Wappenrocks nicht einmal bemerken, dass er verschwunden ist, und Shandy wird unsere Spuren beseitigen.',NULL,'','Kehrt zu Magister Hathorel im Kristallsangwald zurück.','','','','','49648','0','0','0','0','0','1','0','0','0','0','0','0','0','0','0','0','0','0','0','0','0','0','0','0','0','0','0','0','0','0','0','0','0','0','0','0','0','0','0','0','0','0','0','0','0','0','0','0','0','0','0','0','0','0','0','0','0','0','0','0','0','0','0','0','0','0','0','0','0','74000','132300','0','0','0','0','0','0','0','0','0','0','0','0','0','0','0','0','0','0','0','0','0','0','0','0','0','0','0','0','12340'),
('24557','2','4395','0','80','0','80','0','690','0','0','0','0','0','0','0','0','0','0','0','136','0','0','0','0','0','24555','24556','0','24556','5','0','0','0','Der Plan des Silberbunds','Einer meiner Kontakte unten in den Kanälen der Schattenseite hat in der Taverne \"Zur Zauberkrähe\" einen Agenten des Silberbunds erblickt. Die Mitglieder des Silberbunds sind normalerweise nicht dafür bekannt, ein Interesse am dortigen Treiben zu hegen, was also sehr stark darauf hindeutet, dass sie etwas vorhaben.$B$BBegebt Euch zur Schattenseite, spürt diesen Agenten auf und schaltet ihn aus. Durchsucht ihn nach allen Informationen, die uns einen Hinweis über den Verbleib dieses Folianten vom Wyrmruhtempel liefern könnten. Wir können nicht zulassen, dass ihn diese albernen Schwächlinge vom Silberbund zuerst zurück nach Eiskrone bringen.','Besorgt die Befehle des Silberbunds.','<Magister Hathorel liest die erbeuteten Befehle.>$B$BDer Agent, den Ihr abgefangen habt, sollte in der Silbernen Enklave jemanden namens Arkanist Tybalin treffen und dann den Folianten vom Wyrmruhtempel nach Eiskrone bringen. Wie müssen das Buch zurückbekommen, $N, und es gibt nur eine Möglichkeit, solange es sich noch in der Stadt befindet. Jetzt ist schnelles Handeln gefragt!',NULL,'','Kehrt zu Magister Hathorel im Kristallsangwald zurück.','','','','','49872','0','0','0','0','0','1','0','0','0','0','0','0','0','0','0','0','0','0','0','0','0','0','0','0','0','0','0','0','0','0','0','0','0','0','0','0','0','0','0','0','0','0','0','0','0','0','0','0','0','0','0','0','0','0','0','0','0','0','0','0','0','0','0','0','0','0','0','0','0','74000','132300','0','0','0','0','0','0','0','0','0','0','0','0','0','0','0','0','0','0','0','0','0','0','0','0','0','0','0','0','12340'),
('24558','2','210','0','80','0','80','0','690','0','0','0','0','0','0','0','0','0','0','0','128','0','0','0','0','0','24451','24559','0','24559','3','49698','1','0','Rückkehr zu Myralion Sonnenfeuer','Wir müssen dieses Buch zu Myralion Sonnenfeuer bringen. Würdet Ihr das übernehmen? Ich kann diese Aufgabe sonst niemandem anvertrauen, und Ihr habt Geschick darin bewiesen, die Leute vom Silberbund zu meiden.$B$BBringt es nach Quel\'Delars Ruh südlich des Argentumturnierplatzes in Eiskrone. Myralion wird Euch dort erwarten. Wenn er die Klinge identifizieren kann, können wir sie im Namen Aethas Sonnenhäschers beanspruchen und Dalaran und der Allianz zeigen, dass wir den Angriff auf den Lichkönig anführen werden.','Bringt den Folianten \"Uralte drachengeschmiedete Klingen\" zu Myralion Sonnenfeuer in Quel\'Delars Ruh.','<Myralion nimmt das schwere Buch zur Hand und beginnt, darin zu blättern.>$B$BDie Symbole auf der Klinge kamen mir bekannt vor und jetzt weiß ich auch, warum. Das ist zweifellos eine Drachenklinge, die einem der sterblichen Völker zum Geschenk gemacht wurde. Nur um welche Klinge handelt es sich und wie ist sie nach Eiskrone gelangt?',NULL,'','Kehrt zu Myralion Sonnenfeuer in Eiskrone zurück.','','','','','49698','0','0','0','0','0','1','0','0','0','0','0','0','0','0','0','0','0','0','0','0','0','0','0','0','0','0','0','0','0','0','0','0','0','0','0','0','0','0','0','0','0','0','0','0','0','0','0','0','0','0','0','0','0','0','0','0','0','0','0','0','0','0','0','0','0','0','0','0','0','37000','66300','0','0','0','0','0','0','0','0','0','0','0','0','0','0','0','0','0','0','0','0','0','0','0','0','0','0','0','0','12340'),
('24559','2','4813','0','80','0','80','81','690','0','0','0','0','0','0','0','0','0','0','0','128','0','0','0','0','0','24558','24560','0','24560','5','49740','1','0','Das Schwert neu schmieden','Wir dürfen nicht zulassen, dass Quel\'Delar in zerbrochenem und entehrtem Zustand bleibt. Nehmt die Überreste des Schwertes sowie den von Euch gefundenen ramponierten Schwertgriff und begebt Euch in die Grube von Saron in der Eiskronenzitadelle.$B$BIn der Grube lässt der Lichkönig Sklaven Saroniterz fördern sowie be- und verarbeiten. Dieses energieerfüllte Saronit brauchen wir, um Quel\'Delar wiederherzustellen.$B$BIhr müsst energieerfüllte Saronitbarren sammeln und den Hammer des Schmiedemeisters erbeuten, Euch mit beidem zum Amboss des Schmiedemeisters begeben und das Schwert neu schmieden.','Besorgt 5 energieerfüllte Saronitbarren sowie den Hammer des Schmiedemeisters und verbindet sie mit den Überresten Quel\'Delars, um das Schwert wiederherzustellen.','Ihr habt die Klinge Quel\'Delars wiederhergestellt, der Behauptung Blutkönigin Lana\'thels zum Trotz! Jetzt muss die Klinge nur noch getempert werden, bevor wir ihr beweisen können, wie töricht ihre Worte doch waren.',NULL,'','Kehrt zu Myralion Sonnenfeuer in Eiskrone zurück.','','','','','49739','0','0','0','0','0','1','0','0','0','0','0','49723','0','0','0','1','0','0','0','0','0','0','0','0','0','0','0','0','0','0','0','0','0','0','0','0','0','0','0','0','0','0','0','0','0','0','0','0','0','0','0','0','0','0','0','0','0','0','0','0','0','0','0','0','0','0','0','0','0','74000','132300','0','0','0','0','0','0','0','0','0','0','0','0','0','0','0','0','0','0','0','0','0','0','0','0','0','0','0','0','12340'),
('24560','2','210','0','80','0','80','81','690','0','0','0','0','0','0','0','0','0','0','0','128','0','0','0','0','0','24559','24561','0','24561','5','49920','1','0','Die Klinge tempern','Endlich wurden die Bruchstücke von Quel\'Delar wieder vereint und die Klinge ist ganz - doch sie muss zuerst getempert werden, bevor Ihr sie einsetzen könnt. Die gezackte Saronitschneide ist spröde und würde beim ersten Kontakt zerbrechen.$B$BIn den Tiefen der Seelenschmiede in der Eiskronenzitadelle gibt es einen Ort, an dem sie sicher getempert werden kann. Nehmt Quel\'Delar mit Euch zum Domizil des Verschlingers der Seelen und sucht nach dem Schmelztiegel. Taucht die Klinge dort hinein und bringt sie zurück zu mir in die gefrorenen Hallen.','Tempert das neugeschmiedete Quel\'Delar im Schmelztiegel der Seelen.','Das Tempern des Schwertes sollte die Klinge wiederhergestellt haben. Warum hat es nicht funktioniert?',NULL,'','Kehrt zu Myralion Sonnenfeuer in Eiskrone zurück.','','','','','49750','0','0','0','0','0','1','0','0','0','0','0','0','49920','0','0','0','1','0','0','0','0','0','0','0','0','0','0','0','0','0','0','0','0','0','0','0','0','0','0','0','0','0','0','0','0','0','0','0','0','0','0','0','0','0','0','0','0','0','0','0','0','0','0','0','0','0','0','0','0','74000','132300','0','0','0','0','0','0','0','0','0','0','0','0','0','0','0','0','0','0','0','0','0','0','0','0','0','0','0','0','12340'),
('24561','2','4820','0','80','0','80','81','690','0','0','0','0','0','0','0','0','0','0','0','128','0','0','0','0','0','24560','24562','0','24562','5','49766','1','0','Die Hallen der Reflexion','Ihr habt das Schwert zwar neu geschmiedet und getempert, dennoch ruht es in seiner Scheide und zeigt nichts von der Macht, die es besitzen soll. Ihr sagt, dass es Euch zieht, als hätte es einen eigenen Willen?$B$BWagt Ihr es, das Schwert an den von ihm gewünschten Ort zu bringen? Es ist nicht richtig, dass es so ruhig und doch so hartnäckig ist, und ich fürchte, wir werden nie erfahren weshalb, solltet Ihr es nicht an seinen Zielort bringen. Bringt es in die Hallen der Reflexion in der Eiskronenzitadelle. Seid jedoch auf der Hut! Ich warte in den gefrorenen Hallen auf Euch.','Bringt Quel\'Delar nach Schwertruh in den Hallen der Reflexion.','Wie kann sich das Böse in solch einem Schwert einnisten? Ich hätte das nicht für möglich gehalten, wenn sich der Beweis nicht direkt vor meinen Augen befände. Wenn die größte Schöpfung der Drachen verdorben und gegen sie gerichtet werden kann, weshalb sollte da ein Schwert die Ausnahme bilden?$B$BIch glaube, Uther hat Recht. Ihr müsst seinem Rat schnell folgen, $N.',NULL,'','Kehrt zu Myralion Sonnenfeuer in Eiskrone zurück.','Bringt Quel\'Delar in die Hallen der Reflexion','','','','0','50254','0','0','0','0','0','1','0','0','0','0','0','0','49766','0','0','0','1','0','37158','0','0','0','1','0','0','0','0','0','0','0','0','0','0','0','0','0','0','0','0','0','0','0','0','0','0','0','0','0','0','0','0','0','0','0','0','0','0','0','0','0','0','0','0','0','0','0','0','0','74000','132300','0','0','0','0','0','0','0','0','0','0','0','0','0','0','0','0','0','0','0','0','0','0','0','0','0','0','0','0','12340'),
('24562','2','4080','0','80','0','80','0','690','0','0','0','0','0','0','0','0','0','0','0','128','0','0','0','0','0','24561','24563','0','24563','1','49870','1','0','Reise zum Sonnenbrunnen','Bringt Quel\'Delar so schnell wie möglich zum Sonnenbrunnen, $N! Glaubt Uthers Worten, dass Ihr die Kontrolle über die Klinge nicht immer behalten könnt, wenn sie dem bösen Einfluss des Lichkönigs ausgesetzt ist. Ihr müsst zur Insel von Quel\'Danas reisen und versuchen, zum Sonnenbrunnen zu gelangen, um das Schwert zu läutern.$B$BDie Wächter des Sonnenbrunnens werden Euch nicht so einfach Zutritt gewähren. Daher müsst Ihr Euch an Halduron Wolkenglanz wenden, der ein Auge auf die Wachen dort hat.','Sprecht mit Halduron Wolkenglanz am Eingang des Sonnenbrunnenplateaus auf der Insel von Quel\'Danas.','Ich hoffe, Ihr habt Verständnis dafür, dass ich Euch nicht einfach so Zutritt zum Sonnenbrunnen gewähren kann, $N. Dies ist der heiligste den Sin\'dorei bekannte Ort, und wir haben erst kürzlich Kontrolle über ihn zurückerlangt.$B$BIhr wollt unserem Volk mit Märchen über Quel\'Delar Hoffnungen machen? Ohne Beweis für die Wahrhaftigkeit Eurer Behauptungen sehe ich keine Veranlassung, Euch Glauben zu schenken.',NULL,'','Kehrt zu Halduron Wolkenglanz in Morgenstern auf der Insel von Quel\'Danas zurück.','','','','','0','49870','0','0','0','0','0','1','0','0','0','0','0','0','0','0','0','0','0','0','0','0','0','0','0','0','0','0','0','0','0','0','0','0','0','0','0','0','0','0','0','0','0','0','0','0','0','0','0','0','0','0','0','0','0','0','0','0','0','0','0','0','0','0','0','0','0','0','0','0','7400','13200','0','0','0','0','0','0','0','0','0','0','0','0','0','0','0','0','0','0','0','0','0','0','0','0','0','0','0','0','12340'),
('24563','2','4080','0','80','0','80','0','690','0','0','0','0','0','0','0','0','0','0','0','128','0','0','0','0','0','24562','24598','0','24598','5','49870','1','0','Thalorien Dämmersucher','Ihr arbeitet mit Myralion Sonnenfeuer zusammen, nicht wahr? Ich weiß, wie wir das Schwert testen können.$B$BWenn Ihr die Geschichte der Klinge kennt, erinnert Ihr Euch vielleicht, dass Thalorien Dämmersucher sie bei der Verteidigung des Sonnenbrunnens gegen die Geißel führte. Er fiel dort, wo sich heute die Todesschneise befindet, und verschaffte so seinen Leuten Zeit, eigene Vorbereitungen zu treffen. Seine sterblichen Überreste befinden sich am südlichen Ende der Todesschneise auf dieser Insel. Begebt Euch dorthin, damit sein Geist Euch den Segen erteilt, zum Sonnenbrunnen zu gehen.','Besucht die sterblichen Überreste Thalorien Dämmersuchers und erhaltet seinen Segen für den Gebrauch Quel\'Delars.','Ihr tragt wirklich Quel\'Delar bei Euch. Heute ist ein großer Tag für ganz Quel\'Thalas und die Sin\'dorei! Ihr habt meine Erlaubnis, zum Sonnenbrunnen zu gehen und die Wiederherstellung des Schwertes abzuschließen. Lasst den Kopf nicht hängen, $N. Die Söhne und Töchter Silbermonds haben viele Jahre auf diesen Tag gewartet.',NULL,'','Kehrt zu Halduron Wolkenglanz in Morgenstern auf der Insel von Quel\'Danas zurück.','Thaloriens Segen erhalten','','','','0','49870','0','0','0','0','0','1','0','0','0','0','0','0','0','0','0','0','0','0','37601','0','0','0','1','0','0','0','0','0','0','0','0','0','0','0','0','0','0','0','0','0','0','0','0','0','0','0','0','0','0','0','0','0','0','0','0','0','0','0','0','0','0','0','0','0','0','0','0','0','74000','132300','0','0','0','0','0','0','0','0','0','0','0','0','0','0','0','0','0','0','0','0','0','0','0','0','0','0','0','0','12340'),
('24564','0','4075','0','80','0','80','0','690','0','0','0','0','0','0','0','0','0','0','0','128','0','0','0','0','0','24563','24801','24564','24801','0','49871','1','0','Die Reinigung Quel\'Delars','Der Sonnenbrunnen und das Ende von Quel\'Delars Exil sind ganz nah, $N.$B$BDrinnen werdet Ihr Lor\'themar Theron, den Regenten von Quel\'Thalas, und Gro','Taucht Euer getempertes Quel\'Delar in den Sonnenbrunnen. Sprecht mit einem der W','','','',NULL,'','','','','49871','0','0','0','0','0','1','0','0','0','0','0','0','0','0','0','0','0','0','0','0','0','0','0','0','0','0','0','0','0','0','0','0','0','0','0','0','0','0','0','0','0','0','0','0','0','0','0','0','0','0','0','1124','0','0','0','0','0','0','0','0','0','0','0','0','0','0','0','1','0','0','0','0','0','0','0','0','0','0','0','0','0','0','0','0','0','0','0','0','0','0','0','0','0','0','0','0','0','0','0','1'),
('24595','2','4075','0','80','0','80','0','1101','0','0','0','0','0','0','0','0','0','0','0','128','0','0','0','0','0','24535','24795','24553','24795','0','49871','1','0','Die Reinigung Quel\'Delars','Ich gebe zu, ich war zuerst skeptisch, ob Ihr Quel\'Delar tats','Taucht Euer besudeltes Quel\'Delar in den Sonnenbrunnen. Sprecht mit einem der W','','','',NULL,'','','','','49871','0','0','0','0','0','1','0','0','0','0','0','0','0','0','0','0','0','0','0','0','0','0','0','0','0','0','0','0','0','0','0','0','0','0','0','0','0','0','0','0','0','0','0','0','0','0','0','0','0','0','0','1094','0','0','0','0','0','0','0','0','0','0','0','0','0','0','0','1','0','0','0','0','0','0','0','0','0','0','0','0','0','0','0','0','0','0','0','0','0','0','0','0','0','0','0','0','0','0','0','1'),
('24795','2','210','0','80','0','80','0','1101','0','0','0','0','0','0','0','0','0','0','0','128','0','0','0','0','0','24553','0','24795','0','7','49871','1','0','Streitkolben','Trotz der Angeberei Königin Lana\'thels habt Ihr Quel\'Delar wiederhergestellt, $N. Wie lange haben wir davon geträumt, Quel\'Delar wieder an uns zu nehmen.$B$BNicht nur der Silberbund, sondern alle Quel\'dorei schulden Euch ihren Dank.$B$BDas Schwert scheint zu wissen, dass Ihr als $C nicht über die nötige Ausbildung verfügt, es zu führen, und hat sich daher nicht an Euch gebunden. Wo wird sein nächster Meister dann herkommen? Vielleicht kann der Argentumkreuzzug helfen. Geht nach Norden zum Argentumturnierplatz und übergebt das Schwert im Namen des Silberbundes an Justiziarin Mariel Treuherz.','Bringt das wiederhergestellte Quel\'Delar zu Justiziarin Mariel Treuherz beim Argentumturnierplatz.',NULL,NULL,'','Kehrt zu Justiziarin Mariel Treuherz zurück.','','','','','49871','0','0','0','0','0','1','0','0','0','0','0','0','0','0','0','0','0','0','0','0','0','0','0','0','0','0','0','0','0','0','0','50050','50051','50052','0','0','0','1','1','1','0','0','0','0','0','0','0','0','0','0','0','0','0','0','0','0','0','0','0','0','0','0','0','0','0','0','0','0','0','222000','198600','0','0','0','0','0','0','0','0','0','0','0','0','0','0','0','0','0','0','0','0','0','0','0','0','0','0','0','0','12340'),
('24796','2','210','0','80','0','80','0','1101','0','0','0','0','0','0','0','0','0','0','0','128','0','0','0','0','0','24553','0','24795','0','7','49871','1','0','Schwerter','Trotz der Angeberei Königin Lana\'thels habt Ihr Quel\'Delar wiederhergestellt, $N. Wie lange haben wir davon geträumt, Quel\'Delar wieder an uns zu nehmen.$B$BNicht nur der Silberbund, sondern alle Quel\'dorei schulden Euch ihren Dank.$B$BVereesa Windläufer, die Anführerin des Silberbundes, hat Euch nach Eurer Rückkehr vom Sunnenbrunnen zu sich gebeten. Nehmt Quel\'Delar mit Euch und geht zu Dalarans Violetter Zitadelle, wo sie auf Euch wartet, $N.','Bringt das wiederhergestellte Quel\'Delar zu Vereesa Windläufer in der Violetten Zitadelle in Dalaran.','Das ist nichts weniger als eine sensationelle Leistung, $N. Der Tag, an dem Thalorien und Anasterian gefallen sind, derselbe Tag, an dem Quel\'Delar verloren ging, war einer der schwärzesten Tage meines Lebens. Quel\'Delar jetzt wiederhergestellt zu sehen... ich kann es nicht in Worte fassen.$B$BOhne Zweifel seid Ihr dazu ausersehen, der wahre Träger der Klinge zu sein. Quel\'Delars Magie hat bereits damit begonnen, die Klinge an Eure Fähigkeiten und Stärken anzupassen.','Ist es wahr, dass Ihr Quel\'Delar wiederhergestellt habt?','','Kehrt zu Vereesa Windläufer zurück.','','','','','49871','0','0','0','0','0','1','0','0','0','0','0','0','0','0','0','0','0','0','0','0','0','0','0','0','0','0','0','0','0','0','0','50048','50049','50046','50047','0','0','1','1','1','1','0','0','0','0','0','0','0','0','0','0','0','0','0','0','0','0','0','0','0','0','0','0','0','0','0','0','0','0','222000','198600','0','0','0','0','0','0','0','0','0','0','0','0','0','0','0','0','0','0','0','0','0','0','0','0','0','0','0','0','12340'),
('24799','2','210','0','80','0','80','0','690','0','0','0','0','0','0','0','0','0','0','0','128','0','0','0','0','0','24598','0','24799','0','7','49871','1','0','Streitkolben','Endlich, Quel\'Delar ist zum Ruhme der Sonnenhäscher wiederhergestellt!$B$BDie gesamte Horde wird Euch als Helden feiern, $N.$B$BDas Schwert scheint zu wissen, dass Ihr als $C nicht über die nötige Ausbildung verfügt, es zu führen, und hat sich daher nicht an Euch gebunden. Wo wird sein nächster Meister dann herkommen? Ich kann meine Enttäuschung nicht verbergen... ich hatte gehofft, es würde ein würdiger Sin\'dorei sein. Lasst uns den Rat des Argentumkreuzzugs suchen. Geht nach Norden zum Argentumturnierplatz und übergebt das Schwert im Namen der Sonnenhäscher an Justiziarin Mariel Treuherz.','Bringt das wiederhergestellte Quel\'Delar zu Justiziarin Mariel Treuherz beim Argentumturnierplatz.',NULL,NULL,'','Kehrt zu Justiziarin Mariel Treuherz zurück.','','','','','49871','0','0','0','0','0','1','0','0','0','0','0','0','0','0','0','0','0','0','0','0','0','0','0','0','0','0','0','0','0','0','0','50050','50051','50052','0','0','0','1','1','1','0','0','0','0','0','0','0','0','0','0','0','0','0','0','0','0','0','0','0','0','0','0','0','0','0','0','0','0','0','222000','198600','0','0','0','0','0','0','0','0','0','0','0','0','0','0','0','0','0','0','0','0','0','0','0','0','0','0','0','0','12340'),
('24801','2','210','0','80','0','80','0','690','0','0','0','0','0','0','0','0','0','0','0','128','0','0','0','0','0','24598','0','24799','0','7','49871','1','0','Schwerter','Endlich, Quel\'Delar ist zum Ruhme der Sonnenhäscher und der Horde wiederhergestellt!$B$BDies ist ein wahrer Segen für unsere Bemühungen gegen den Lichkönig.$B$BDer Erzmagier Aethas Sonnenhäscher, der Anführer der Sonnenhäscher, hat Euch nach Eurer Rückkehr vom Sunnenbrunnen zu sich gebeten. Nehmt Quel\'Delar mit Euch und geht zu Dalarans Violetter Zitadelle, $N. Der Erzmagier will Euch persönlich gratulieren!','Bringt das wiederhergestellte Quel\'Delar zu Erzmagier Aethas Sonnenhäscher in der Violetten Zitadelle in Dalaran.',NULL,NULL,'','Kehrt zu Erzmagier Aethas Sonnenhäscher zurück.','','','','','49871','0','0','0','0','0','1','0','0','0','0','0','0','0','0','0','0','0','0','0','0','0','0','0','0','0','0','0','0','0','0','0','50048','50049','50046','50047','0','0','1','1','1','1','0','0','0','0','0','0','0','0','0','0','0','0','0','0','0','0','0','0','0','0','0','0','0','0','0','0','0','0','222000','198600','0','0','0','0','0','0','0','0','0','0','0','0','0','0','0','0','0','0','0','0','0','0','0','0','0','0','0','0','12340');